<!-- Extract content from the request or response messages, including headers, URI paths, JSON/XML payloads, form parameters, and query parameters -->
<ExtractVariables async="true" continueOnError="false" enabled="true" xmlns='http://www.sap.com/apimgmt'>
    <FormParam name="client_id">
		<Pattern ignoreCase="true">{client_id}</Pattern>
	</FormParam>
	<FormParam name="client_secret">
		<Pattern ignoreCase="true">{client_secret}</Pattern>
	</FormParam>
	<VariablePrefix>private.btp</VariablePrefix>
</ExtractVariables> 