<!-- Key/value pairs can be stored, retrieved, and deleted from named existing maps by configuring this policy by specifying PUT, GET, or DELETE operations -->
<!-- mapIdentifier refers to the name of the key value map -->
<!-- Don't use Key Value Maps to store your logs as this can impact API Proxy runtime flow -->
<KeyValueMapOperations mapIdentifier="BTPOAuthMetadata" async="true" continueOnError="false" enabled="true" xmlns="http://www.sap.com/apimgmt">
    <Get assignTo="private.btp.token_url">
        <Key>
            <Parameter>token_url</Parameter>
        </Key>
    </Get>
	<!-- the scope of the key value map. Valid values are environment, organization, apiproxy and policy -->
	<Scope>environment</Scope>
</KeyValueMapOperations>
