<!-- This policy can be used to create or modify the standard HTTP request and response messages -->
<AssignMessage async="false" continueOnError="false" enabled="true" xmlns='http://www.sap.com/apimgmt'>
 
	<!-- Sets a new value to the existing parameter -->
	<Set>
		<Payload contentType="application/json" variablePrefix="@" variableSuffix="#">{"access_token":"@btp.accessToken#", "expires_in":"4000", "token_type":"Bearer"}</Payload>
	</Set>
	<IgnoreUnresolvedVariables>false</IgnoreUnresolvedVariables>
	<AssignTo createNew="false" type="response">response</AssignTo>
</AssignMessage>