<?xml version="1.0" encoding="UTF-8"?><PolicyTemplateContainer>
    <name>OAuth_Using_Process_Integration_Runtime</name>
    <version>1</version>
    <title>OAuth Using Process Integration Runtime</title>
    <description>OAuth Using Process Integration Runtime OAuth token</description>
    <proxyEndPointxml>&lt;preFlow&gt;&lt;name&gt;PreFlow&lt;/name&gt;&lt;request&gt;&lt;isRequest&gt;true&lt;/isRequest&gt;&lt;steps&gt;&lt;step&gt;&lt;policy_name&gt;extractRequestHeader&lt;/policy_name&gt;&lt;condition&gt;lookupcache.lookupOAuthToken.cachehit != true&lt;/condition&gt;&lt;sequence&gt;2&lt;/sequence&gt;&lt;/step&gt;&lt;step&gt;&lt;policy_name&gt;callBTPOAuthService&lt;/policy_name&gt;&lt;condition&gt;lookupcache.lookupOAuthToken.cachehit != true&lt;/condition&gt;&lt;sequence&gt;5&lt;/sequence&gt;&lt;/step&gt;&lt;step&gt;&lt;policy_name&gt;setAuthorization&lt;/policy_name&gt;&lt;condition&gt;lookupcache.lookupOAuthToken.cachehit != true&lt;/condition&gt;&lt;sequence&gt;4&lt;/sequence&gt;&lt;/step&gt;&lt;step&gt;&lt;policy_name&gt;getBTPOAuthMetadata&lt;/policy_name&gt;&lt;condition&gt;lookupcache.lookupOAuthToken.cachehit != true&lt;/condition&gt;&lt;sequence&gt;3&lt;/sequence&gt;&lt;/step&gt;&lt;step&gt;&lt;policy_name&gt;extractVariablesFromOAuthResponse&lt;/policy_name&gt;&lt;condition&gt;lookupcache.lookupOAuthToken.cachehit != true&lt;/condition&gt;&lt;sequence&gt;7&lt;/sequence&gt;&lt;/step&gt;&lt;step&gt;&lt;policy_name&gt;lookupOAuthToken&lt;/policy_name&gt;&lt;condition&gt;&lt;/condition&gt;&lt;sequence&gt;1&lt;/sequence&gt;&lt;/step&gt;&lt;step&gt;&lt;policy_name&gt;populateOAuthToken&lt;/policy_name&gt;&lt;condition&gt;lookupcache.lookupOAuthToken.cachehit != true&lt;/condition&gt;&lt;sequence&gt;8&lt;/sequence&gt;&lt;/step&gt;&lt;step&gt;&lt;policy_name&gt;raiseException&lt;/policy_name&gt;&lt;condition&gt;lookupcache.lookupOAuthToken.cachehit != true and btp.tokenresponse.status.code != 200&lt;/condition&gt;&lt;sequence&gt;6&lt;/sequence&gt;&lt;/step&gt;&lt;/steps&gt;&lt;/request&gt;&lt;response&gt;&lt;isRequest&gt;false&lt;/isRequest&gt;&lt;steps&gt;&lt;/steps&gt;&lt;/response&gt;&lt;/preFlow&gt;&lt;postFlow&gt;&lt;name&gt;PostFlow&lt;/name&gt;&lt;request&gt;&lt;isRequest&gt;true&lt;/isRequest&gt;&lt;steps&gt;&lt;/steps&gt;&lt;/request&gt;&lt;response&gt;&lt;isRequest&gt;false&lt;/isRequest&gt;&lt;steps&gt;&lt;step&gt;&lt;policy_name&gt;setAccessToken&lt;/policy_name&gt;&lt;condition&gt;&lt;/condition&gt;&lt;sequence&gt;1&lt;/sequence&gt;&lt;/step&gt;&lt;/steps&gt;&lt;/response&gt;&lt;/postFlow&gt;&lt;defaultFaultRule&gt;&lt;name&gt;defaultFaultRule&lt;/name&gt;&lt;steps&gt;&lt;/steps&gt;&lt;/defaultFaultRule&gt;&lt;postClientFlow&gt;&lt;name&gt;postClientFlow&lt;/name&gt;&lt;response&gt;&lt;steps&gt;&lt;/steps&gt;&lt;/response&gt;&lt;/postClientFlow&gt;</proxyEndPointxml>
    <life_cycle>
        <changed_by>avinash.vaidya@sap.com</changed_by>
        <created_by>avinash.vaidya@sap.com</created_by>
    </life_cycle>
    <targetEndPointxml>&lt;preFlow&gt;&lt;name&gt;PreFlow&lt;/name&gt;&lt;request&gt;&lt;isRequest&gt;true&lt;/isRequest&gt;&lt;steps&gt;&lt;/steps&gt;&lt;/request&gt;&lt;response&gt;&lt;isRequest&gt;false&lt;/isRequest&gt;&lt;steps&gt;&lt;/steps&gt;&lt;/response&gt;&lt;/preFlow&gt;&lt;postFlow&gt;&lt;name&gt;PostFlow&lt;/name&gt;&lt;request&gt;&lt;isRequest&gt;true&lt;/isRequest&gt;&lt;steps&gt;&lt;/steps&gt;&lt;/request&gt;&lt;response&gt;&lt;isRequest&gt;false&lt;/isRequest&gt;&lt;steps&gt;&lt;/steps&gt;&lt;/response&gt;&lt;/postFlow&gt;&lt;defaultFaultRule&gt;&lt;name&gt;defaultFaultRule&lt;/name&gt;&lt;steps&gt;&lt;/steps&gt;&lt;/defaultFaultRule&gt;&lt;postClientFlow&gt;&lt;name&gt;postClientFlow&lt;/name&gt;&lt;response&gt;&lt;steps&gt;&lt;/steps&gt;&lt;/response&gt;&lt;/postClientFlow&gt;</targetEndPointxml>
    <policies>
        <policy type="ServiceCallout">callBTPOAuthService</policy>
        <policy type="BasicAuth">setAuthorization</policy>
        <policy type="RaiseFault">defaultRaiseFaultPolicy</policy>
        <policy type="ExtractVariable">extractVariablesFromOAuthResponse</policy>
        <policy type="RaiseFault">raiseException</policy>
        <policy type="PopulateCache">populateOAuthToken</policy>
        <policy type="AssignMessage">setAccessToken</policy>
        <policy type="ExtractVariable">extractRequestHeader</policy>
        <policy type="KeyValueMapOperations">getBTPOAuthMetadata</policy>
        <policy type="LookupCache">lookupOAuthToken</policy>
    </policies>
    <fileResources/>
</PolicyTemplateContainer>